{"data_time": 0.44505904999999757, "eta_seconds": 3977109.6187310014, "iteration": 19, "loss_bbox": 5.431098699569702, "loss_bbox_0": 5.8372673988342285, "loss_bbox_1": 5.634161710739136, "loss_bbox_2": 5.3487653732299805, "loss_bbox_3": 5.311820030212402, "loss_bbox_4": 5.3857574462890625, "loss_class": 0.6881940960884094, "loss_class_0": 0.6594422161579132, "loss_class_1": 0.7023731768131256, "loss_class_2": 0.7307144999504089, "loss_class_3": 0.6972197890281677, "loss_class_4": 0.702552080154419, "loss_giou": 2.2885390520095825, "loss_giou_0": 2.2696107625961304, "loss_giou_1": 2.27697491645813, "loss_giou_2": 2.3097211122512817, "loss_giou_3": 2.3061845302581787, "loss_giou_4": 2.318378210067749, "lr": 0.0001, "time": 7.173977450000002, "total_loss": 50.6027794778347}
{"data_time": 0.3859062499999908, "eta_seconds": 3958499.4928880003, "iteration": 39, "loss_bbox": 3.1109338998794556, "loss_bbox_0": 3.2938151359558105, "loss_bbox_1": 3.115728259086609, "loss_bbox_2": 3.170254111289978, "loss_bbox_3": 3.1478655338287354, "loss_bbox_4": 3.1298903226852417, "loss_class": 0.5651316344738007, "loss_class_0": 0.5384434163570404, "loss_class_1": 0.5601521134376526, "loss_class_2": 0.5593544840812683, "loss_class_3": 0.5493564009666443, "loss_class_4": 0.5474346876144409, "loss_giou": 2.757657289505005, "loss_giou_0": 2.716699004173279, "loss_giou_1": 2.7552706003189087, "loss_giou_2": 2.724272131919861, "loss_giou_3": 2.7383216619491577, "loss_giou_4": 2.758421301841736, "lr": 0.0001, "time": 7.020629099999979, "total_loss": 39.57082349061966}
{"data_time": 0.3903149000000212, "eta_seconds": 3966032.8750050003, "iteration": 59, "loss_bbox": 2.2910948991775513, "loss_bbox_0": 2.2768222093582153, "loss_bbox_1": 2.2513599395751953, "loss_bbox_2": 2.296306848526001, "loss_bbox_3": 2.2957937717437744, "loss_bbox_4": 2.2681273221969604, "loss_class": 0.49135658144950867, "loss_class_0": 0.4961715191602707, "loss_class_1": 0.4987470358610153, "loss_class_2": 0.49162767827510834, "loss_class_3": 0.4931459575891495, "loss_class_4": 0.48996248841285706, "loss_giou": 3.292477250099182, "loss_giou_0": 3.2677392959594727, "loss_giou_1": 3.284579634666443, "loss_giou_2": 3.301886558532715, "loss_giou_3": 3.2966067790985107, "loss_giou_4": 3.3007720708847046, "lr": 0.0001, "time": 7.206486400000017, "total_loss": 36.28915993869305}
{"data_time": 0.37799130000001924, "eta_seconds": 3968737.631456005, "iteration": 79, "loss_bbox": 2.013665795326233, "loss_bbox_0": 2.0209507942199707, "loss_bbox_1": 2.010460078716278, "loss_bbox_2": 2.032628893852234, "loss_bbox_3": 2.0412787199020386, "loss_bbox_4": 2.0274713039398193, "loss_class": 0.44520480930805206, "loss_class_0": 0.4303300976753235, "loss_class_1": 0.43290431797504425, "loss_class_2": 0.43210063874721527, "loss_class_3": 0.4377545565366745, "loss_class_4": 0.42990612983703613, "loss_giou": 3.4188817739486694, "loss_giou_0": 3.439281463623047, "loss_giou_1": 3.41555118560791, "loss_giou_2": 3.4378122091293335, "loss_giou_3": 3.413995623588562, "loss_giou_4": 3.475158929824829, "lr": 0.0001, "time": 7.258671900000024, "total_loss": 35.695137068629265}
{"data_time": 0.3766537500000027, "eta_seconds": 4004854.444095017, "iteration": 99, "loss_bbox": 1.738219678401947, "loss_bbox_0": 1.7549198865890503, "loss_bbox_1": 1.7281058430671692, "loss_bbox_2": 1.77907133102417, "loss_bbox_3": 1.7408172488212585, "loss_bbox_4": 1.766660749912262, "loss_class": 0.4522731751203537, "loss_class_0": 0.42275001108646393, "loss_class_1": 0.43531499803066254, "loss_class_2": 0.42383600771427155, "loss_class_3": 0.4337915778160095, "loss_class_4": 0.4251290112733841, "loss_giou": 3.3349149227142334, "loss_giou_0": 3.4703696966171265, "loss_giou_1": 3.4054980278015137, "loss_giou_2": 3.4341119527816772, "loss_giou_3": 3.4017900228500366, "loss_giou_4": 3.4760035276412964, "lr": 0.0001, "time": 7.25814865000001, "total_loss": 33.48880860209465}
{"data_time": 0.38865195000005315, "eta_seconds": 3977558.6478180056, "iteration": 119, "loss_bbox": 1.5748047232627869, "loss_bbox_0": 1.5760342478752136, "loss_bbox_1": 1.5741471648216248, "loss_bbox_2": 1.6318517327308655, "loss_bbox_3": 1.5750397443771362, "loss_bbox_4": 1.6345642805099487, "loss_class": 0.5052156746387482, "loss_class_0": 0.4555944502353668, "loss_class_1": 0.47003552317619324, "loss_class_2": 0.4756205677986145, "loss_class_3": 0.4646303504705429, "loss_class_4": 0.46761655807495117, "loss_giou": 3.116756558418274, "loss_giou_0": 3.334969162940979, "loss_giou_1": 3.2353025674819946, "loss_giou_2": 3.2736328840255737, "loss_giou_3": 3.259994864463806, "loss_giou_4": 3.3128803968429565, "lr": 0.0001, "time": 7.068315549999966, "total_loss": 31.960043907165527}
{"data_time": 0.39027000000004364, "eta_seconds": 4001884.568948015, "iteration": 139, "loss_bbox": 1.4265785217285156, "loss_bbox_0": 1.35200834274292, "loss_bbox_1": 1.3452456593513489, "loss_bbox_2": 1.3377630710601807, "loss_bbox_3": 1.346158742904663, "loss_bbox_4": 1.3458799719810486, "loss_class": 0.4768505394458771, "loss_class_0": 0.4282738119363785, "loss_class_1": 0.4747206121683121, "loss_class_2": 0.4679778516292572, "loss_class_3": 0.44164372980594635, "loss_class_4": 0.44324594736099243, "loss_giou": 2.9409093856811523, "loss_giou_0": 3.144100785255432, "loss_giou_1": 2.957414746284485, "loss_giou_2": 3.0337778329849243, "loss_giou_3": 2.9870775938034058, "loss_giou_4": 3.05722439289093, "lr": 0.0001, "time": 7.756748899999934, "total_loss": 29.009852573275566}
{"data_time": 0.37385310000013305, "eta_seconds": 4008937.081600048, "iteration": 159, "loss_bbox": 1.1452655792236328, "loss_bbox_0": 1.2698532342910767, "loss_bbox_1": 1.2558980584144592, "loss_bbox_2": 1.1920059323310852, "loss_bbox_3": 1.2333725094795227, "loss_bbox_4": 1.1351011395454407, "loss_class": 0.47441570460796356, "loss_class_0": 0.435575008392334, "loss_class_1": 0.47409792244434357, "loss_class_2": 0.4784972816705704, "loss_class_3": 0.4507591873407364, "loss_class_4": 0.4553004205226898, "loss_giou": 2.6826112270355225, "loss_giou_0": 2.98868727684021, "loss_giou_1": 2.74814236164093, "loss_giou_2": 2.7087597846984863, "loss_giou_3": 2.724152088165283, "loss_giou_4": 2.7660616636276245, "lr": 0.0001, "time": 7.384451050000052, "total_loss": 26.482236459851265}
{"data_time": 0.3850261000000046, "eta_seconds": 4011809.4524250072, "iteration": 179, "loss_bbox": 1.1502026319503784, "loss_bbox_0": 1.2330154776573181, "loss_bbox_1": 1.233310878276825, "loss_bbox_2": 1.1774958968162537, "loss_bbox_3": 1.1261075735092163, "loss_bbox_4": 1.08933824300766, "loss_class": 0.4697273373603821, "loss_class_0": 0.4549202024936676, "loss_class_1": 0.48979875445365906, "loss_class_2": 0.4835616201162338, "loss_class_3": 0.44185929000377655, "loss_class_4": 0.45077311992645264, "loss_giou": 2.7795000076293945, "loss_giou_0": 2.9507317543029785, "loss_giou_1": 2.695231795310974, "loss_giou_2": 2.6227834224700928, "loss_giou_3": 2.6391681432724, "loss_giou_4": 2.858993172645569, "lr": 0.0001, "time": 7.276114350000057, "total_loss": 26.380826979875565}
{"data_time": 0.38965904999997747, "eta_seconds": 4022465.9818300055, "iteration": 199, "loss_bbox": 1.0734923481941223, "loss_bbox_0": 1.128267765045166, "loss_bbox_1": 1.036248505115509, "loss_bbox_2": 1.0393384099006653, "loss_bbox_3": 0.9886700212955475, "loss_bbox_4": 1.0119458138942719, "loss_class": 0.457542821764946, "loss_class_0": 0.44964900612831116, "loss_class_1": 0.4655449837446213, "loss_class_2": 0.4641265571117401, "loss_class_3": 0.43728917837142944, "loss_class_4": 0.4381658136844635, "loss_giou": 2.5034748315811157, "loss_giou_0": 2.6175066232681274, "loss_giou_1": 2.550568103790283, "loss_giou_2": 2.3548219203948975, "loss_giou_3": 2.49554443359375, "loss_giou_4": 2.3689677715301514, "lr": 0.0001, "time": 8.115716249999991, "total_loss": 24.44247603416443}
{"data_time": 0.3777156000001014, "eta_seconds": 4022610.7935420135, "iteration": 219, "loss_bbox": 0.9486846029758453,