{"data_time": 0.5109620000000028, "iteration": 2, "loss_bbox": 1.3845887184143066, "loss_bbox_0": 1.430115818977356, "loss_bbox_1": 1.4325194358825684, "loss_bbox_2": 1.4088704586029053, "loss_bbox_3": 1.3627338409423828, "loss_bbox_4": 1.3953518867492676, "loss_class": 0.7892058491706848, "loss_class_0": 0.7549136877059937, "loss_class_1": 0.6626928448677063, "loss_class_2": 0.654913604259491, "loss_class_3": 0.6813207864761353, "loss_class_4": 0.8274232149124146, "loss_giou": 1.9999977350234985, "loss_giou_0": 1.9999977350234985, "loss_giou_1": 1.9999977350234985, "loss_giou_2": 2.004767417907715, "loss_giou_3": 1.9999977350234985, "loss_giou_4": 1.9999977350234985, "lr": 0.0001, "time": 21.875133800000008, "total_loss": 24.82632452249527}
{"eta_seconds": 8203087.674464803, "iteration": 3}
{"data_time": 0.5195701000000001, "iteration": 8, "loss_bbox": 1.390150547027588, "loss_bbox_0": 1.4094393253326416, "loss_bbox_1": 1.3928877115249634, "loss_bbox_2": 1.3787176609039307, "loss_bbox_3": 1.3783116340637207, "loss_bbox_4": 1.3717085123062134, "loss_class": 0.6129427552223206, "loss_class_0": 0.577396035194397, "loss_class_1": 0.6010849475860596, "loss_class_2": 0.5759270787239075, "loss_class_3": 0.6003816723823547, "loss_class_4": 0.647101104259491, "loss_giou": 2.0030531883239746, "loss_giou_0": 2.0051755905151367, "loss_giou_1": 2.0047829151153564, "loss_giou_2": 2.0002293586730957, "loss_giou_3": 2.0002315044403076, "loss_giou_4": 2.00357985496521, "lr": 0.0001, "time": 29.8337863, "total_loss": 23.92286890745163}
{"eta_seconds": 11187371.524637, "iteration": 9}
{"data_time": 0.44842780000000015, "iteration": 0, "loss_bbox": 1.4047818183898926, "loss_bbox_0": 1.4709054231643677, "loss_bbox_1": 1.4132599830627441, "loss_bbox_2": 1.3829022645950317, "loss_bbox_3": 1.3849678039550781, "loss_bbox_4": 1.3947441577911377, "loss_class": 1.4170337915420532, "loss_class_0": 0.9045286178588867, "loss_class_1": 0.9952059388160706, "loss_class_2": 1.2154546976089478, "loss_class_3": 1.3300437927246094, "loss_class_4": 1.429809331893921, "loss_giou": 1.9999972581863403, "loss_giou_0": 2.0433223247528076, "loss_giou_1": 2.0021724700927734, "loss_giou_2": 1.9999973773956299, "loss_giou_3": 1.9999973773956299, "loss_giou_4": 2.000103712081909, "lr": 0.0001, "total_loss": 27.78922814130783}
{"data_time": 0.48733819999999994, "iteration": 6, "loss_bbox": 1.411586880683899, "loss_bbox_0": 1.4624685049057007, "loss_bbox_1": 1.4473087787628174, "loss_bbox_2": 1.4090073108673096, "loss_bbox_3": 1.4211534261703491, "loss_bbox_4": 1.4287939071655273, "loss_class": 0.6656693816184998, "loss_class_0": 0.653910756111145, "loss_class_1": 0.6162200570106506, "loss_class_2": 0.6580549478530884, "loss_class_3": 0.739960789680481, "loss_class_4": 0.6498380303382874, "loss_giou": 2.018583297729492, "loss_giou_0": 2.0377697944641113, "loss_giou_1": 2.0194404125213623, "loss_giou_2": 2.0224790573120117, "loss_giou_3": 2.0201504230499268, "loss_giou_4": 2.015092611312866, "lr": 0.0001, "time": 21.72254930000001, "total_loss": 24.868917226791382}
{"eta_seconds": 8145782.207105604, "iteration": 7}
